Start_Time,Start_Lat,Start_Lng,Weather_Condition,Road_Condition,Hour,Day_of_Week
01-01-2022 00:00,38.74540119,-110.7433536,Hail,Dry,3,Sunday
01-01-2022 01:00,44.50714306,-92.90495263,Clear,Muddy,15,Friday
01-01-2022 02:00,42.31993942,-76.35270821,Rain,Snowy,5,Friday
01-01-2022 03:00,40.98658484,-83.38875568,Rain,Construction,7,Tuesday
01-01-2022 04:00,36.5601864,-79.67194261,Storm,Icy,1,Monday
01-01-2022 05:00,36.5599452,-87.06083166,Hail,Icy,22,Saturday
01-01-2022 06:00,35.58083612,-85.38617177,Cloudy,Wet,21,Wednesday
01-01-2022 07:00,43.66176146,-77.54021742,Clear,Dry,21,Wednesday
01-01-2022 08:00,41.01115012,-107.5165996,Snow,Potholes,15,Sunday
01-01-2022 09:00,42.08072578,-95.52875182,Clear,Snowy,10,Monday
01-01-2022 10:00,35.20584494,-108.9395279,Rain,Muddy,11,Tuesday
01-01-2022 11:00,44.69909852,-70.6165996,Fog,Muddy,23,Wednesday
01-01-2022 12:00,43.32442641,-72.79703302,Clear,Muddy,22,Saturday
01-01-2022 13:00,37.12339111,-118.0286594,Rain,Dry,16,Thursday
01-01-2022 14:00,36.81824967,-84.72124137,Hail,Potholes,18,Sunday
01-01-2022 15:00,36.8340451,-73.73758413,Fog,Wet,7,Monday
01-01-2022 16:00,38.04242243,-110.9712327,Rain,Dry,9,Friday
01-01-2022 17:00,40.24756432,-91.60273847,Hail,Snowy,3,Friday
01-01-2022 18:00,39.31945019,-74.22558512,Storm,Dry,9,Thursday
01-01-2022 19:00,37.9122914,-118.3027011,Clear,Potholes,18,Monday
01-01-2022 20:00,41.11852895,-85.12898664,Storm,Wet,11,Sunday
01-01-2022 21:00,36.39493861,-105.1325496,Hail,Wet,20,Tuesday
01-01-2022 22:00,37.92144649,-73.78019023,Snow,Construction,7,Sunday
01-01-2022 23:00,38.66361843,-71.44708774,Rain,Icy,16,Tuesday
02-01-2022 00:00,39.56069984,-72.78667554,Cloudy,Wet,19,Monday
02-01-2022 01:00,42.85175961,-96.28928917,Snow,Construction,21,Tuesday
02-01-2022 02:00,36.99673782,-76.89786745,Clear,Dry,13,Tuesday
02-01-2022 03:00,40.14234438,-77.77253007,Clear,Construction,23,Friday
02-01-2022 04:00,40.92414569,-104.0449763,Storm,Wet,13,Saturday
02-01-2022 05:00,35.46450413,-78.55422629,Hail,Dry,3,Saturday
02-01-2022 06:00,41.07544852,-118.1496183,Storm,Wet,5,Tuesday
02-01-2022 07:00,36.70524124,-90.18650608,Storm,Wet,4,Tuesday
02-01-2022 08:00,35.65051593,-108.4995581,Fog,Muddy,15,Tuesday
02-01-2022 09:00,44.48885537,-113.9716557,Cloudy,Dry,22,Monday
02-01-2022 10:00,44.65632033,-116.1523399,Snow,Dry,20,Friday
02-01-2022 11:00,43.08397348,-85.18556121,Fog,Potholes,2,Saturday
02-01-2022 12:00,38.04613769,-103.0062518,Storm,Wet,17,Tuesday
02-01-2022 13:00,35.97672114,-83.76166142,Hail,Icy,4,Wednesday
02-01-2022 14:00,41.84233027,-116.732183,Cloudy,Wet,6,Wednesday
02-01-2022 15:00,39.40152494,-104.2354831,Hail,Dry,16,Wednesday
02-01-2022 16:00,36.22038235,-93.02543538,Hail,Potholes,14,Friday
02-01-2022 17:00,39.9517691,-80.46384176,Clear,Snowy,20,Friday
02-01-2022 18:00,35.34388521,-104.0623749,Rain,Potholes,4,Tuesday
02-01-2022 19:00,44.09320402,-88.70543118,Snow,Snowy,18,Monday
02-01-2022 20:00,37.58779982,-75.70111259,Clear,Potholes,17,Tuesday
02-01-2022 21:00,41.62522284,-89.20684059,Rain,Snowy,13,Wednesday
02-01-2022 22:00,38.11711076,-108.3520263,Clear,Dry,11,Monday
02-01-2022 23:00,40.20068021,-118.7799609,Rain,Snowy,20,Saturday
03-01-2022 00:00,40.46710279,-76.4950563,Hail,Construction,7,Wednesday
03-01-2022 01:00,36.84854456,-118.9365295,Snow,Dry,22,Wednesday
03-01-2022 02:00,44.69584628,-76.26491637,Snow,Potholes,0,Thursday
03-01-2022 03:00,42.75132823,-93.5531433,Rain,Construction,22,Friday
03-01-2022 04:00,44.39498942,-73.04661507,Rain,Snowy,23,Monday
03-01-2022 05:00,43.9482735,-80.06083821,Cloudy,Snowy,2,Thursday
03-01-2022 06:00,40.97899979,-70.10329447,Hail,Construction,23,Tuesday
03-01-2022 07:00,44.21874235,-102.4644092,Hail,Dry,11,Sunday
03-01-2022 08:00,35.88492502,-81.64058555,Rain,Snowy,5,Wednesday
03-01-2022 09:00,36.95982862,-99.90345432,Storm,Icy,14,Thursday
03-01-2022 10:00,35.45227289,-96.00621898,Rain,Muddy,4,Tuesday
03-01-2022 11:00,38.25330331,-88.62472684,Snow,Snowy,21,Thursday
03-01-2022 12:00,38.8867729,-76.31614429,Cloudy,Construction,13,Tuesday
03-01-2022 13:00,37.71349032,-70.79582654,Hail,Dry,18,Tuesday
03-01-2022 14:00,43.28737509,-81.58632931,Fog,Dry,9,Monday
03-01-2022 15:00,38.56753327,-99.11166089,Hail,Muddy,12,Saturday
03-01-2022 16:00,37.8093451,-98.93214989,Storm,Dry,8,Friday
03-01-2022 17:00,40.42696083,-83.12088492,Storm,Wet,6,Monday
03-01-2022 18:00,36.40924225,-108.0611427,Rain,Muddy,12,Wednesday
03-01-2022 19:00,43.02196981,-114.4762943,Clear,Snowy,11,Thursday
03-01-2022 20:00,35.74550644,-102.2688921,Snow,Icy,2,Sunday
03-01-2022 21:00,44.86886937,-105.6380504,Rain,Construction,23,Friday
03-01-2022 22:00,42.72244769,-105.184594,Rain,Snowy,11,Thursday
03-01-2022 23:00,36.98715682,-108.3196124,Cloudy,Snowy,20,Saturday
04-01-2022 00:00,35.05522117,-117.8953405,Cloudy,Muddy,21,Saturday
04-01-2022 01:00,43.15461428,-119.1063033,Snow,Dry,8,Wednesday
04-01-2022 02:00,42.06857344,-70.61388051,Hail,Muddy,9,Thursday
04-01-2022 03:00,42.29007168,-98.61134331,Snow,Potholes,13,Sunday
04-01-2022 04:00,42.71270347,-100.7836676,Cloudy,Muddy,5,Thursday
04-01-2022 05:00,35.74044652,-86.01763587,Fog,Potholes,3,Sunday
04-01-2022 06:00,38.58465729,-109.0873056,Rain,Potholes,6,Thursday
04-01-2022 07:00,36.1586906,-72.5019408,Rain,Wet,22,Monday
04-01-2022 08:00,43.63103426,-80.68274928,Fog,Snowy,13,Sunday
04-01-2022 09:00,41.23298127,-115.5294499,Rain,Wet,10,Saturday
04-01-2022 10:00,38.30898025,-99.12096121,Hail,Icy,3,Thursday
04-01-2022 11:00,35.6355835,-76.04408462,Cloudy,Snowy,7,Sunday
04-01-2022 12:00,38.10982322,-72.76339889,Snow,Icy,9,Saturday
04-01-2022 13:00,38.25183322,-96.62992444,Rain,Dry,20,Friday
04-01-2022 14:00,42.29606178,-89.32943054,Cloudy,Icy,11,Friday
04-01-2022 15:00,41.37557471,-111.6483027,Fog,Muddy,15,Monday
04-01-2022 16:00,43.87212743,-70.44156869,Clear,Icy,16,Saturday
04-01-2022 17:00,39.72214925,-108.4164149,Clear,Wet,6,Tuesday
04-01-2022 18:00,36.19594246,-72.86341129,Clear,Construction,19,Sunday
04-01-2022 19:00,42.13244787,-87.51766755,Hail,Dry,23,Sunday
04-01-2022 20:00,42.60785049,-89.61316026,Storm,Potholes,15,Saturday
04-01-2022 21:00,40.61277198,-94.36557445,Snow,Dry,11,Monday
04-01-2022 22:00,42.7096718,-108.4665094,Clear,Dry,4,Wednesday
04-01-2022 23:00,39.93795596,-111.1735984,Snow,Potholes,19,Sunday
05-01-2022 00:00,40.22732829,-108.9756895,Cloudy,Potholes,4,Thursday
05-01-2022 01:00,39.27541018,-110.6780869,Fog,Snowy,17,Sunday
05-01-2022 02:00,35.25419127,-81.02077632,Cloudy,Muddy,11,Friday
05-01-2022 03:00,36.07891427,-102.493737,Cloudy,Snowy,22,Saturday
05-01-2022 04:00,35.31429186,-117.1078662,Clear,Icy,13,Tuesday
05-01-2022 05:00,41.36410411,-71.54486849,Storm,Dry,15,Sunday
05-01-2022 06:00,38.14355981,-75.81070575,Hail,Icy,1,Sunday
05-01-2022 07:00,40.08570691,-73.61238584,Fog,Muddy,0,Monday
05-01-2022 08:00,44.07566474,-70.25460887,Rain,Potholes,20,Wednesday
05-01-2022 09:00,37.49292229,-111.3052375,Hail,Construction,22,Wednesday
05-01-2022 10:00,39.10382923,-100.1878991,Clear,Potholes,16,Wednesday
05-01-2022 11:00,42.55551139,-82.08807621,Fog,Construction,18,Tuesday
05-01-2022 12:00,37.28798165,-85.1989691,Fog,Muddy,9,Thursday
05-01-2022 13:00,35.7697991,-112.3052047,Cloudy,Icy,20,Sunday
05-01-2022 14:00,37.89751453,-79.20834375,Cloudy,Muddy,5,Saturday
05-01-2022 15:00,36.61221287,-108.7779714,Rain,Wet,16,Friday
05-01-2022 16:00,44.29697652,-108.8091193,Fog,Muddy,0,Thursday
05-01-2022 17:00,43.0812038,-93.15127886,Rain,Wet,12,Wednesday
05-01-2022 18:00,41.33403757,-90.35300326,Cloudy,Dry,8,Wednesday
05-01-2022 19:00,43.7146059,-90.99568961,Cloudy,Potholes,14,Tuesday
05-01-2022 20:00,43.03672077,-115.4256581,Snow,Icy,16,Friday
05-01-2022 21:00,36.86570059,-76.12695687,Hail,Potholes,14,Saturday
05-01-2022 22:00,43.92558998,-106.7199979,Hail,Muddy,11,Sunday
05-01-2022 23:00,40.39342242,-113.5242539,Rain,Potholes,11,Sunday
06-01-2022 00:00,43.07440155,-75.56259601,Storm,Potholes,0,Thursday
06-01-2022 01:00,43.960913,-72.21742509,Fog,Construction,13,Monday
06-01-2022 02:00,38.18003475,-76.89361914,Storm,Potholes,0,Wednesday
06-01-2022 03:00,36.10051925,-79.52419626,Fog,Muddy,12,Thursday
06-01-2022 04:00,37.27935163,-87.23790097,Clear,Muddy,6,Wednesday
06-01-2022 05:00,39.27107789,-92.45713147,Snow,Dry,23,Wednesday
06-01-2022 06:00,43.18014766,-115.650662,Clear,Construction,0,Wednesday
06-01-2022 07:00,43.60730583,-99.57733935,Cloudy,Potholes,19,Thursday
06-01-2022 08:00,35.06952131,-101.3655741,Cloudy,Wet,16,Friday
06-01-2022 09:00,40.10747303,-107.0123108,Storm,Wet,19,Monday
06-01-2022 10:00,39.17411003,-83.82899432,Snow,Muddy,21,Tuesday
06-01-2022 11:00,37.2210781,-95.20621325,Clear,Icy,2,Tuesday
06-01-2022 12:00,36.19865367,-115.9476892,Cloudy,Icy,2,Friday
06-01-2022 13:00,38.37615171,-108.9908399,Cloudy,Dry,3,Friday
06-01-2022 14:00,44.42909704,-85.83706182,Clear,Construction,4,Monday
06-01-2022 15:00,38.23202932,-116.193457,Fog,Snowy,12,Sunday
06-01-2022 16:00,40.18790622,-77.4396543,Clear,Icy,19,Wednesday
06-01-2022 17:00,42.03018959,-95.24267365,Storm,Dry,6,Tuesday
06-01-2022 18:00,38.63629602,-95.97067113,Storm,Muddy,9,Saturday
06-01-2022 19:00,44.71782083,-90.37961077,Clear,Dry,8,Sunday
06-01-2022 20:00,44.62447295,-78.7659517,Fog,Potholes,9,Sunday
06-01-2022 21:00,37.51782296,-102.6095396,Fog,Wet,13,Monday
06-01-2022 22:00,39.97248506,-86.09919237,Rain,Icy,23,Saturday
06-01-2022 23:00,38.0087831,-91.7134018,Cloudy,Icy,5,Wednesday
07-01-2022 00:00,37.84840494,-106.6485865,Snow,Icy,16,Tuesday
07-01-2022 01:00,35.36886947,-76.06850068,Rain,Potholes,20,Thursday
07-01-2022 02:00,41.09564334,-80.12869892,Fog,Potholes,15,Friday
07-01-2022 03:00,40.02679023,-87.07740827,Storm,Snowy,20,Monday
07-01-2022 04:00,35.51478751,-77.47091355,Rain,Dry,18,Sunday
07-01-2022 05:00,37.78646464,-76.63528995,Snow,Dry,2,Monday
07-01-2022 06:00,44.08265886,-84.58185116,Cloudy,Wet,9,Sunday
07-01-2022 07:00,37.39561891,-78.14933358,Hail,Muddy,13,Thursday
07-01-2022 08:00,36.44894872,-85.12642692,Fog,Muddy,1,Saturday
07-01-2022 09:00,39.8945276,-85.99296141,Fog,Wet,0,Tuesday
07-01-2022 10:00,44.85650454,-89.06943109,Clear,Muddy,4,Wednesday
07-01-2022 11:00,37.42055272,-82.36416802,Rain,Snowy,11,Friday
07-01-2022 12:00,41.72135547,-112.0697447,Snow,Snowy,10,Tuesday
07-01-2022 13:00,42.61619615,-75.95646204,Hail,Wet,18,Tuesday
07-01-2022 14:00,37.37637544,-76.40782361,Rain,Potholes,13,Saturday
07-01-2022 15:00,42.28216349,-118.5376358,Rain,Dry,20,Saturday
07-01-2022 16:00,38.67783133,-78.70916247,Clear,Snowy,2,Saturday
07-01-2022 17:00,41.32305831,-113.5565066,Hail,Wet,12,Sunday
07-01-2022 18:00,41.33529711,-103.2440573,Rain,Muddy,1,Saturday
07-01-2022 19:00,40.35774684,-82.82458719,Cloudy,Snowy,5,Thursday
07-01-2022 20:00,35.9028977,-111.9620052,Cloudy,Muddy,20,Tuesday
07-01-2022 21:00,43.35302496,-79.10164879,Clear,Dry,21,Wednesday
07-01-2022 22:00,38.20780065,-78.3932911,Rain,Icy,11,Thursday
07-01-2022 23:00,36.8651851,-94.62661331,Hail,Muddy,1,Monday
08-01-2022 00:00,35.40775142,-119.6807064,Rain,Dry,1,Saturday
08-01-2022 01:00,40.90892943,-105.6480933,Clear,Icy,22,Sunday
08-01-2022 02:00,41.77564362,-89.15365408,Cloudy,Wet,21,Monday
08-01-2022 03:00,35.16587829,-70.9406911,Fog,Dry,13,Tuesday
08-01-2022 04:00,40.12093058,-88.40932365,Fog,Wet,0,Saturday
08-01-2022 05:00,37.26495775,-107.0098209,Storm,Icy,22,Saturday
08-01-2022 06:00,41.4517279,-88.29971485,Storm,Dry,7,Tuesday
08-01-2022 07:00,36.74366429,-93.00073101,Rain,Potholes,23,Thursday
08-01-2022 08:00,41.90937738,-81.00773024,Clear,Wet,14,Sunday
08-01-2022 09:00,38.86735346,-114.6509681,Fog,Icy,18,Friday
08-01-2022 10:00,44.36729989,-81.94860487,Snow,Muddy,17,Tuesday
08-01-2022 11:00,36.37520944,-92.93667107,Fog,Snowy,9,Saturday
08-01-2022 12:00,38.41066351,-71.85039981,Storm,Potholes,1,Thursday
08-01-2022 13:00,36.13473521,-102.9063917,Hail,Potholes,3,Friday
08-01-2022 14:00,44.24693618,-88.36890534,Cloudy,Dry,5,Monday
08-01-2022 15:00,43.77339353,-73.39859472,Clear,Construction,20,Monday
08-01-2022 16:00,37.57941628,-114.8745136,Snow,Dry,9,Wednesday
08-01-2022 17:00,41.59984046,-73.13857564,Snow,Dry,21,Friday
08-01-2022 18:00,43.172222,-85.60571388,Cloudy,Construction,7,Tuesday
08-01-2022 19:00,40.55200812,-116.608147,Rain,Construction,18,Sunday
08-01-2022 20:00,40.29650578,-104.9518217,Rain,Muddy,3,Friday
08-01-2022 21:00,37.41852291,-84.59139557,Fog,Muddy,23,Wednesday
08-01-2022 22:00,35.93102768,-116.6324699,Snow,Muddy,17,Tuesday
08-01-2022 23:00,43.97215758,-90.89147699,Rain,Icy,12,Sunday
09-01-2022 00:00,44.00418057,-102.7058472,Rain,Dry,23,Saturday
09-01-2022 01:00,41.33101457,-88.95422411,Cloudy,Dry,1,Friday
09-01-2022 02:00,38.39029791,-117.7128983,Fog,Icy,10,Tuesday
09-01-2022 03:00,38.49209575,-76.42315969,Cloudy,Potholes,20,Wednesday
09-01-2022 04:00,42.25955679,-71.32555154,Fog,Muddy,8,Tuesday
09-01-2022 05:00,43.9711026,-71.55610724,Clear,Potholes,18,Friday
09-01-2022 06:00,43.87086424,-82.51740841,Cloudy,Construction,22,Sunday
09-01-2022 07:00,42.79875546,-113.495688,Storm,Dry,9,Saturday
09-01-2022 08:00,41.42031646,-82.0868402,Cloudy,Potholes,18,Friday
09-01-2022 09:00,35.84139965,-118.7706542,Cloudy,Wet,0,Friday
09-01-2022 10:00,36.61628714,-118.8938224,Storm,Muddy,6,Tuesday
09-01-2022 11:00,43.98554189,-103.819489,Rain,Snowy,23,Wednesday
09-01-2022 12:00,41.0642906,-95.56784048,Fog,Icy,11,Monday
09-01-2022 13:00,35.09197052,-81.47962911,Rain,Icy,8,Saturday
09-01-2022 14:00,36.01471543,-85.83523117,Snow,Icy,22,Saturday
09-01-2022 15:00,41.63501769,-97.70486468,Clear,Icy,10,Monday
09-01-2022 16:00,35.05061584,-106.3186667,Snow,Wet,16,Sunday
09-01-2022 17:00,36.60808051,-70.14377499,Cloudy,Snowy,15,Friday
09-01-2022 18:00,40.48733789,-98.69093489,Rain,Dry,2,Friday
09-01-2022 19:00,41.91895198,-97.43064878,Storm,Snowy,14,Monday
09-01-2022 20:00,41.5196126,-111.8188089,Fog,Construction,19,Tuesday
09-01-2022 21:00,37.24269309,-80.25952256,Snow,Icy,17,Saturday
09-01-2022 22:00,42.12179221,-85.31588871,Cloudy,Potholes,1,Wednesday
09-01-2022 23:00,37.37249087,-108.9615194,Cloudy,Potholes,3,Sunday
10-01-2022 00:00,38.25399698,-115.8809477,Fog,Potholes,17,Friday
10-01-2022 01:00,42.46491405,-85.9750349,Storm,Wet,15,Wednesday
10-01-2022 02:00,41.49632899,-87.27443929,Rain,Wet,17,Wednesday
10-01-2022 03:00,43.4922341,-106.3370237,Snow,Wet,7,Wednesday
10-01-2022 04:00,41.57612892,-72.45682189,Cloudy,Muddy,2,Tuesday
10-01-2022 05:00,40.68308603,-112.4471054,Hail,Potholes,0,Thursday
10-01-2022 06:00,35.93674768,-98.38325995,Fog,Muddy,7,Friday
10-01-2022 07:00,38.67715803,-72.81920399,Storm,Wet,8,Saturday
10-01-2022 08:00,37.65202368,-99.01363415,Clear,Potholes,6,Wednesday
10-01-2022 09:00,37.43989643,-88.07370262,Hail,Snowy,3,Monday
10-01-2022 10:00,44.73010555,-100.1202801,Fog,Potholes,4,Thursday
10-01-2022 11:00,38.93097725,-106.2892399,Storm,Potholes,10,Friday
10-01-2022 12:00,43.92046555,-70.8011176,Rain,Snowy,13,Saturday
10-01-2022 13:00,41.31138626,-99.53329968,Cloudy,Construction,9,Wednesday
10-01-2022 14:00,42.94811304,-75.29503982,Clear,Snowy,0,Friday
10-01-2022 15:00,40.02637093,-108.5022697,Rain,Muddy,8,Friday
10-01-2022 16:00,40.76903885,-109.3447648,Hail,Muddy,2,Wednesday
10-01-2022 17:00,39.92517694,-118.4432959,Hail,Construction,14,Monday
10-01-2022 18:00,36.95242988,-87.41665873,Rain,Muddy,7,Monday
10-01-2022 19:00,42.22452115,-101.5736828,Clear,Wet,9,Sunday
10-01-2022 20:00,37.80772362,-76.78208751,Cloudy,Dry,7,Friday
10-01-2022 21:00,35.24315966,-96.33950467,Rain,Snowy,9,Sunday
10-01-2022 22:00,41.45472296,-71.5903286,Hail,Icy,2,Tuesday
10-01-2022 23:00,36.77110679,-110.7237242,Hail,Wet,21,Friday
11-01-2022 00:00,44.40458584,-76.5688416,Snow,Dry,21,Sunday
11-01-2022 01:00,44.53928577,-81.17015736,Hail,Snowy,23,Wednesday
11-01-2022 02:00,44.1486439,-81.45390777,Fog,Icy,13,Tuesday
11-01-2022 03:00,38.701587,-77.76083859,Cloudy,Snowy,4,Saturday
11-01-2022 04:00,35.15456617,-81.94880045,Rain,Dry,9,Sunday
11-01-2022 05:00,44.28318563,-88.68898392,Storm,Potholes,3,Saturday
11-01-2022 06:00,39.28184148,-113.4377561,Rain,Dry,7,Saturday
11-01-2022 07:00,44.66654819,-118.373691,Snow,Construction,11,Friday
11-01-2022 08:00,44.63619977,-73.95760761,Hail,Potholes,1,Friday
11-01-2022 09:00,43.53009455,-89.16748427,Snow,Muddy,10,Friday
11-01-2022 10:00,37.94448892,-80.17313545,Snow,Snowy,10,Saturday
11-01-2022 11:00,38.85097729,-95.92388242,Storm,Snowy,11,Friday
11-01-2022 12:00,43.51136672,-114.1345906,Clear,Snowy,1,Sunday
11-01-2022 13:00,38.16922005,-113.7407104,Fog,Potholes,6,Tuesday
11-01-2022 14:00,36.69492747,-85.72173564,Cloudy,Construction,5,Wednesday
11-01-2022 15:00,40.56801262,-98.48470526,Cloudy,Snowy,15,Wednesday
11-01-2022 16:00,44.36154774,-109.9737637,Clear,Potholes,14,Monday
11-01-2022 17:00,41.96029797,-95.42027266,Rain,Muddy,4,Friday
11-01-2022 18:00,40.7006117,-116.7895531,Rain,Icy,2,Friday
11-01-2022 19:00,35.97176494,-90.9014299,Cloudy,Snowy,7,Tuesday
11-01-2022 20:00,41.15007227,-106.5503298,Cloudy,Wet,22,Saturday
11-01-2022 21:00,44.9005385,-80.12204497,Cloudy,Dry,7,Tuesday
11-01-2022 22:00,36.40084015,-104.4819021,Snow,Dry,14,Thursday
11-01-2022 23:00,40.18329652,-97.23899255,Rain,Construction,19,Saturday
12-01-2022 00:00,43.77373072,-119.418973,Storm,Icy,7,Sunday
12-01-2022 01:00,42.40768618,-116.3776556,Hail,Potholes,8,Friday
12-01-2022 02:00,41.97015741,-100.3753222,Hail,Snowy,19,Thursday
12-01-2022 03:00,42.02484084,-96.00305826,Cloudy,Wet,20,Saturday
12-01-2022 04:00,38.59491151,-89.99897259,Hail,Wet,23,Saturday
12-01-2022 05:00,37.93591844,-105.4168711,Clear,Snowy,3,Sunday
12-01-2022 06:00,43.09361155,-85.25090569,Storm,Snowy,7,Tuesday
12-01-2022 07:00,43.10113395,-76.99388014,Snow,Snowy,22,Monday
12-01-2022 08:00,43.67072319,-81.00745056,Hail,Wet,4,Monday
12-01-2022 09:00,44.13240553,-118.0190587,Cloudy,Icy,7,Tuesday
12-01-2022 10:00,40.11342399,-95.97465264,Clear,Wet,23,Saturday
12-01-2022 11:00,40.01516295,-114.7534911,Clear,Icy,23,Saturday
12-01-2022 12:00,42.98295179,-107.8977492,Clear,Icy,6,Tuesday
12-01-2022 13:00,41.49963931,-70.66687034,Fog,Muddy,16,Friday
12-01-2022 14:00,42.01966877,-112.8752229,Rain,Potholes,11,Wednesday
12-01-2022 15:00,42.95792669,-95.05559233,Hail,Muddy,13,Monday
12-01-2022 16:00,43.90005342,-89.09221328,Storm,Dry,5,Wednesday
12-01-2022 17:00,38.37995157,-84.87675147,Rain,Dry,9,Saturday
12-01-2022 18:00,38.75582953,-92.01756583,Hail,Muddy,19,Wednesday
12-01-2022 19:00,35.9398194,-119.5114576,Rain,Wet,9,Saturday
12-01-2022 20:00,40.78280141,-103.6769346,Fog,Potholes,2,Wednesday
12-01-2022 21:00,35.35942274,-94.11441783,Cloudy,Muddy,13,Tuesday
12-01-2022 22:00,39.65598018,-115.606675,Storm,Construction,14,Wednesday
12-01-2022 23:00,40.42644635,-102.4686534,Clear,Construction,13,Saturday
13-01-2022 00:00,37.86541252,-118.3398446,Snow,Icy,16,Thursday
13-01-2022 01:00,40.90833261,-116.0710751,Rain,Muddy,13,Sunday
13-01-2022 02:00,35.3050025,-100.1538362,Clear,Dry,22,Friday
13-01-2022 03:00,35.37348189,-113.3642123,Storm,Icy,11,Sunday
13-01-2022 04:00,43.22600561,-91.62295759,Hail,Construction,17,Monday
13-01-2022 05:00,38.60190641,-85.52675154,Rain,Muddy,10,Sunday
13-01-2022 06:00,36.27060513,-79.97066504,Storm,Icy,6,Thursday
13-01-2022 07:00,40.2224326,-109.9924878,Fog,Muddy,16,Sunday
13-01-2022 08:00,42.69993553,-111.6258709,Snow,Construction,19,Wednesday
13-01-2022 09:00,37.15821027,-114.771608,Clear,Icy,19,Wednesday
13-01-2022 10:00,41.22890476,-88.17848752,Clear,Icy,9,Monday
13-01-2022 11:00,35.85347465,-84.67621368,Cloudy,Potholes,11,Saturday
13-01-2022 12:00,35.51681721,-118.4206928,Cloudy,Potholes,15,Monday
13-01-2022 13:00,40.31354632,-73.18938769,Fog,Muddy,5,Tuesday
13-01-2022 14:00,40.40635122,-117.4014358,Storm,Potholes,15,Wednesday
13-01-2022 15:00,41.37429901,-92.93518323,Hail,Potholes,17,Thursday
13-01-2022 16:00,42.26091334,-84.54697403,Rain,Muddy,18,Sunday
13-01-2022 17:00,44.75852079,-76.45154381,Clear,Snowy,1,Thursday
13-01-2022 18:00,40.16300348,-84.29565339,Snow,Muddy,23,Wednesday
13-01-2022 19:00,38.22956473,-79.91359585,Cloudy,Icy,11,Saturday
13-01-2022 20:00,42.95186195,-103.0274904,Storm,Icy,9,Saturday
13-01-2022 21:00,37.70832251,-79.25874431,Cloudy,Icy,12,Thursday
13-01-2022 22:00,39.38971421,-115.9942577,Cloudy,Wet,22,Friday
13-01-2022 23:00,35.78456381,-75.2591672,Rain,Wet,16,Tuesday
14-01-2022 00:00,35.25350743,-92.62038119,Rain,Construction,13,Friday
14-01-2022 01:00,44.62648415,-79.1351115,Clear,Snowy,18,Monday
14-01-2022 02:00,43.35980121,-97.38408577,Storm,Wet,8,Tuesday
14-01-2022 03:00,41.95974206,-87.82111524,Cloudy,Dry,21,Saturday
14-01-2022 04:00,39.08952944,-93.67986695,Snow,Dry,12,Tuesday
14-01-2022 05:00,36.7329432,-83.42052391,Hail,Potholes,15,Saturday
14-01-2022 06:00,36.56437043,-115.9185009,Rain,Dry,2,Thursday
14-01-2022 07:00,37.50242898,-116.9823958,Cloudy,Potholes,18,Saturday
14-01-2022 08:00,40.49226665,-107.6448383,Cloudy,Potholes,15,Monday
14-01-2022 09:00,42.14595923,-112.022766,Cloudy,Construction,8,Friday
14-01-2022 10:00,41.60197377,-76.41082167,Storm,Dry,15,Friday
14-01-2022 11:00,37.79933897,-109.0393006,Cloudy,Icy,1,Wednesday
14-01-2022 12:00,44.54865281,-71.20673721,Clear,Potholes,23,Sunday
14-01-2022 13:00,42.37896917,-103.1552104,Storm,Dry,16,Wednesday
14-01-2022 14:00,40.54354053,-110.8941042,Snow,Icy,9,Monday
14-01-2022 15:00,41.11720746,-80.51507464,Cloudy,Wet,18,Tuesday
14-01-2022 16:00,39.19600062,-87.06461122,Storm,Potholes,23,Wednesday
14-01-2022 17:00,37.4773099,-95.09021418,Cloudy,Potholes,10,Monday
14-01-2022 18:00,38.55972679,-92.23182245,Storm,Potholes,0,Wednesday
14-01-2022 19:00,42.5784611,-84.03991109,Rain,Wet,6,Saturday
14-01-2022 20:00,35.14393489,-108.5772629,Storm,Snowy,12,Tuesday
14-01-2022 21:00,36.16072641,-70.1833042,Clear,Icy,12,Friday
14-01-2022 22:00,35.46002642,-71.26034189,Cloudy,Muddy,13,Friday
14-01-2022 23:00,35.40728802,-87.48371568,Cloudy,Wet,13,Tuesday
15-01-2022 00:00,43.55460584,-110.0228775,Rain,Snowy,10,Friday
15-01-2022 01:00,42.03657859,-85.98858788,Storm,Wet,9,Wednesday
15-01-2022 02:00,39.74173829,-116.3900796,Fog,Potholes,18,Monday
15-01-2022 03:00,35.97834161,-118.4673749,Snow,Snowy,14,Wednesday
15-01-2022 04:00,39.91615875,-107.1158556,Storm,Snowy,12,Friday
15-01-2022 05:00,39.73471771,-96.86885216,Rain,Icy,8,Tuesday
15-01-2022 06:00,36.7320187,-76.58637473,Clear,Potholes,0,Saturday
15-01-2022 07:00,39.33851649,-83.64154651,Rain,Snowy,2,Wednesday
15-01-2022 08:00,38.98504734,-82.86467394,Snow,Potholes,9,Wednesday
15-01-2022 09:00,41.15850098,-98.72533328,Cloudy,Icy,23,Saturday
15-01-2022 10:00,41.35093651,-102.7032504,Cloudy,Construction,2,Friday
15-01-2022 11:00,35.4530401,-101.4480619,Rain,Construction,22,Wednesday
15-01-2022 12:00,38.74612615,-70.61752181,Hail,Snowy,3,Sunday
15-01-2022 13:00,41.25859916,-117.9945404,Snow,Wet,7,Sunday
15-01-2022 14:00,40.03136259,-76.64842519,Cloudy,Icy,10,Wednesday
15-01-2022 15:00,43.56489841,-91.06622957,Fog,Snowy,4,Sunday
15-01-2022 16:00,41.58693632,-98.06922904,Cloudy,Construction,11,Wednesday
15-01-2022 17:00,36.62934427,-83.73711698,Clear,Potholes,11,Tuesday
15-01-2022 18:00,35.70568747,-95.66655293,Cloudy,Potholes,10,Sunday
15-01-2022 19:00,41.42419278,-76.3288381,Rain,Dry,16,Sunday
15-01-2022 20:00,35.26511311,-74.9649068,Cloudy,Wet,7,Wednesday
15-01-2022 21:00,40.85775581,-98.91395366,Rain,Muddy,7,Tuesday
15-01-2022 22:00,44.40230241,-106.1586101,Clear,Construction,19,Saturday
15-01-2022 23:00,40.75474178,-90.38248357,Fog,Snowy,2,Monday
16-01-2022 00:00,38.88169926,-74.38183272,Storm,Dry,20,Saturday
16-01-2022 01:00,41.43288218,-109.4668905,Snow,Potholes,15,Friday
16-01-2022 02:00,39.5825289,-88.85167082,Hail,Potholes,16,Tuesday
16-01-2022 03:00,40.45616789,-88.421989,Fog,Wet,3,Wednesday
16-01-2022 04:00,44.41464809,-83.34434888,Snow,Potholes,23,Friday
16-01-2022 05:00,38.86102638,-113.4216157,Hail,Wet,5,Monday
16-01-2022 06:00,44.61190564,-84.20875177,Rain,Construction,4,Sunday
16-01-2022 07:00,44.05350642,-74.54837397,Hail,Wet,3,Tuesday
16-01-2022 08:00,36.95791135,-111.0158446,Clear,Snowy,13,Thursday
16-01-2022 09:00,35.69361301,-108.1228338,Cloudy,Construction,23,Monday
16-01-2022 10:00,36.00778001,-71.4302453,Fog,Wet,5,Sunday
16-01-2022 11:00,35.18221826,-110.9511524,Storm,Snowy,9,Friday
16-01-2022 12:00,35.94442961,-77.28074533,Storm,Icy,4,Friday
16-01-2022 13:00,41.83006773,-95.38610718,Hail,Dry,15,Monday
16-01-2022 14:00,35.71188648,-107.6384463,Snow,Dry,10,Friday
16-01-2022 15:00,38.1897563,-76.46250494,Clear,Snowy,0,Wednesday
16-01-2022 16:00,43.44875311,-97.73473725,Hail,Wet,14,Wednesday
16-01-2022 17:00,35.23271936,-94.2591323,Snow,Construction,4,Thursday
16-01-2022 18:00,43.14468483,-102.0383315,Snow,Icy,14,Thursday
16-01-2022 19:00,37.81854775,-90.35245743,Storm,Dry,9,Tuesday
16-01-2022 20:00,36.18164828,-111.8238064,Storm,Construction,16,Friday
16-01-2022 21:00,41.96737165,-100.4459232,Snow,Potholes,4,Friday
16-01-2022 22:00,41.28942847,-71.52938388,Snow,Muddy,18,Wednesday
16-01-2022 23:00,43.77472014,-107.0933284,Snow,Potholes,19,Friday
17-01-2022 00:00,42.35071044,-87.16316677,Snow,Dry,1,Friday
17-01-2022 01:00,43.0348093,-103.7404968,Snow,Icy,2,Tuesday
17-01-2022 02:00,37.82034573,-81.32634372,Clear,Potholes,20,Friday
17-01-2022 03:00,36.77439544,-113.456317,Snow,Muddy,4,Monday
17-01-2022 04:00,42.50614752,-71.50894775,Cloudy,Dry,7,Saturday
17-01-2022 05:00,43.06834739,-97.31052293,Hail,Muddy,10,Monday
17-01-2022 06:00,44.90505142,-108.1974768,Cloudy,Snowy,6,Saturday
17-01-2022 07:00,39.12617677,-116.3251626,Hail,Dry,20,Monday
17-01-2022 08:00,38.72018086,-111.5121047,Snow,Dry,12,Monday
17-01-2022 09:00,42.76412961,-94.01130257,Fog,Wet,15,Monday
17-01-2022 10:00,38.4080354,-103.1498412,Clear,Potholes,14,Tuesday
17-01-2022 11:00,44.30757326,-78.55583171,Snow,Snowy,14,Tuesday
17-01-2022 12:00,43.58412752,-98.45562382,Fog,Potholes,14,Tuesday
17-01-2022 13:00,39.28994027,-107.5642864,Hail,Snowy,8,Thursday
17-01-2022 14:00,42.50871068,-89.14275067,Hail,Dry,20,Tuesday
17-01-2022 15:00,42.54542874,-84.66113916,Fog,Icy,14,Friday
17-01-2022 16:00,36.03123869,-111.6479046,Fog,Icy,19,Wednesday
17-01-2022 17:00,44.02552907,-111.6190392,Rain,Dry,16,Monday
17-01-2022 18:00,40.05252372,-118.1664287,Fog,Icy,7,Thursday
17-01-2022 19:00,43.26457466,-83.17989925,Cloudy,Potholes,14,Tuesday
17-01-2022 20:00,38.20049601,-86.80977362,Storm,Snowy,2,Sunday
17-01-2022 21:00,43.95523228,-96.26845621,Rain,Dry,3,Wednesday
17-01-2022 22:00,38.89201679,-77.79147755,Clear,Construction,2,Monday
17-01-2022 23:00,35.10837651,-79.71649235,Fog,Muddy,7,Friday
18-01-2022 00:00,44.05381976,-90.73228178,Hail,Dry,4,Sunday
18-01-2022 01:00,35.91286677,-76.58643597,Snow,Snowy,16,Saturday
18-01-2022 02:00,38.19313638,-109.7079395,Storm,Wet,12,Friday
18-01-2022 03:00,44.50061967,-114.404019,Storm,Wet,10,Tuesday
18-01-2022 04:00,44.50607147,-106.5125194,Hail,Snowy,3,Monday
18-01-2022 05:00,40.73437888,-117.1456572,Rain,Muddy,9,Thursday
18-01-2022 06:00,41.31837212,-93.4415236,Rain,Wet,4,Saturday
18-01-2022 07:00,39.48445522,-73.16971539,Clear,Icy,15,Monday
18-01-2022 08:00,37.93210772,-118.032823,Rain,Muddy,16,Tuesday
18-01-2022 09:00,38.28664545,-113.8945043,Fog,Dry,15,Tuesday
18-01-2022 10:00,41.72518456,-97.39004859,Storm,Construction,23,Sunday
18-01-2022 11:00,42.52374529,-73.30624912,Clear,Dry,13,Wednesday
18-01-2022 12:00,42.91579044,-104.1921948,Snow,Snowy,11,Thursday
18-01-2022 13:00,42.89618143,-94.63825957,Hail,Snowy,3,Monday
18-01-2022 14:00,35.91206103,-117.921357,Rain,Construction,7,Tuesday
18-01-2022 15:00,39.94420305,-112.58284,Hail,Snowy,10,Monday
18-01-2022 16:00,35.5755876,-70.66849385,Fog,Icy,1,Wednesday
18-01-2022 17:00,40.49528882,-71.74406518,Rain,Snowy,8,Saturday
18-01-2022 18:00,39.41530501,-119.753001,Hail,Muddy,0,Wednesday
18-01-2022 19:00,43.87704183,-72.40941073,Clear,Construction,3,Saturday
18-01-2022 20:00,38.50915013,-88.04400311,Storm,Wet,19,Monday
18-01-2022 21:00,36.17067016,-76.60408527,Storm,Dry,23,Saturday
18-01-2022 22:00,36.42991682,-97.26300722,Clear,Potholes,12,Monday
18-01-2022 23:00,42.61510632,-94.22019857,Snow,Icy,11,Saturday
19-01-2022 00:00,41.18218063,-95.55767099,Rain,Potholes,16,Friday
19-01-2022 01:00,36.01122676,-86.65678712,Cloudy,Muddy,9,Tuesday
19-01-2022 02:00,35.84106806,-113.0174373,Fog,Potholes,20,Wednesday
19-01-2022 03:00,42.00969131,-118.5013205,Clear,Potholes,11,Thursday
19-01-2022 04:00,35.72763006,-104.6035029,Rain,Icy,1,Friday
19-01-2022 05:00,43.21860059,-84.76596186,Storm,Dry,0,Sunday
19-01-2022 06:00,42.06242227,-109.9073274,Fog,Snowy,18,Monday
19-01-2022 07:00,35.81348781,-86.32837833,Storm,Potholes,7,Saturday
19-01-2022 08:00,35.84837714,-71.50439769,Hail,Wet,6,Tuesday
19-01-2022 09:00,44.86639579,-115.3049642,Cloudy,Potholes,12,Wednesday
19-01-2022 10:00,38.74270796,-86.36989409,Hail,Snowy,4,Sunday
19-01-2022 11:00,38.70642147,-97.81248903,Cloudy,Muddy,10,Tuesday
19-01-2022 12:00,43.12799567,-76.59288728,Cloudy,Muddy,17,Wednesday
19-01-2022 13:00,44.47248577,-111.1425105,Hail,Potholes,18,Saturday
19-01-2022 14:00,44.86001064,-85.36870239,Storm,Dry,13,Saturday
19-01-2022 15:00,42.53378185,-78.09423552,Fog,Potholes,2,Friday
19-01-2022 16:00,38.76259586,-72.76928903,Storm,Snowy,2,Saturday
19-01-2022 17:00,35.83500717,-85.83759859,Fog,Icy,18,Monday
19-01-2022 18:00,42.77146916,-95.1412618,Cloudy,Dry,19,Friday
19-01-2022 19:00,40.5840425,-89.10763799,Storm,Wet,8,Monday
19-01-2022 20:00,39.24222009,-76.55475078,Fog,Dry,19,Sunday
19-01-2022 21:00,44.06354385,-91.46951267,Rain,Construction,0,Tuesday
19-01-2022 22:00,36.11197482,-118.480647,Rain,Snowy,17,Wednesday
19-01-2022 23:00,39.92625104,-73.45256522,Hail,Construction,13,Friday
20-01-2022 00:00,35.11353645,-85.52366245,Storm,Snowy,23,Saturday
20-01-2022 01:00,39.68660642,-86.17433071,Fog,Wet,2,Friday
20-01-2022 02:00,35.56303276,-109.2162424,Hail,Potholes,19,Tuesday
20-01-2022 03:00,36.18817916,-87.05572649,Rain,Wet,18,Wednesday
20-01-2022 04:00,36.17526247,-100.3067797,Clear,Icy,7,Wednesday
20-01-2022 05:00,41.49210302,-87.43835115,Snow,Potholes,23,Monday
20-01-2022 06:00,42.46044879,-114.6703485,Rain,Construction,10,Friday
20-01-2022 07:00,40.83368765,-87.10773477,Snow,Icy,8,Saturday
20-01-2022 08:00,44.62172548,-70.02931371,Fog,Dry,19,Sunday
20-01-2022 09:00,38.7487058,-117.5893981,Clear,Icy,10,Monday
20-01-2022 10:00,37.85712086,-71.14129079,Rain,Construction,23,Sunday
20-01-2022 11:00,43.68599128,-99.65460196,Hail,Potholes,18,Monday
20-01-2022 12:00,37.23595839,-76.46232748,Hail,Construction,5,Wednesday
20-01-2022 13:00,44.63222539,-80.8807258,Clear,Icy,19,Monday
20-01-2022 14:00,35.12154475,-91.64918695,Snow,Construction,14,Tuesday
20-01-2022 15:00,44.69878827,-83.07753954,Fog,Snowy,8,Wednesday
20-01-2022 16:00,35.43159912,-76.07422193,Snow,Snowy,17,Friday
20-01-2022 17:00,43.91143114,-99.79298392,Rain,Construction,15,Friday
20-01-2022 18:00,40.27701109,-103.6483419,Snow,Snowy,3,Saturday
20-01-2022 19:00,44.92964796,-86.62033072,Cloudy,Potholes,3,Friday
20-01-2022 20:00,35.73796565,-79.6077029,Hail,Potholes,4,Thursday
20-01-2022 21:00,40.53854284,-81.88574326,Hail,Dry,4,Sunday
20-01-2022 22:00,44.69302536,-80.10931756,Storm,Muddy,1,Friday
20-01-2022 23:00,40.23097844,-98.22083426,Storm,Potholes,8,Wednesday
21-01-2022 00:00,41.29398638,-79.10828919,Snow,Snowy,6,Thursday
21-01-2022 01:00,41.95748689,-113.9895472,Clear,Icy,12,Friday
21-01-2022 02:00,39.54541065,-92.7755451,Snow,Dry,7,Monday
21-01-2022 03:00,41.2755808,-119.712067,Storm,Muddy,16,Friday
21-01-2022 04:00,40.84314312,-103.7707085,Storm,Icy,6,Tuesday
21-01-2022 05:00,44.0115801,-101.6769233,Cloudy,Muddy,6,Wednesday
21-01-2022 06:00,35.4544638,-100.1913654,Snow,Icy,20,Friday
21-01-2022 07:00,37.8096319,-85.22663967,Storm,Muddy,23,Wednesday
21-01-2022 08:00,44.50411484,-100.5720949,Fog,Icy,16,Saturday
21-01-2022 09:00,43.90263784,-97.56531887,Hail,Dry,2,Thursday
21-01-2022 10:00,39.55656753,-108.1227935,Rain,Construction,23,Sunday
21-01-2022 11:00,41.20132598,-101.3374104,Rain,Icy,18,Monday
21-01-2022 12:00,37.77381183,-108.6365186,Fog,Construction,22,Friday
21-01-2022 13:00,36.8812116,-116.3402038,Clear,Wet,23,Tuesday
21-01-2022 14:00,39.63698405,-89.82757033,Snow,Construction,20,Saturday
21-01-2022 15:00,38.53352228,-86.58936007,Hail,Construction,3,Saturday
21-01-2022 16:00,40.83656112,-89.0254827,Snow,Dry,20,Sunday
21-01-2022 17:00,35.77734637,-96.82529781,Rain,Muddy,5,Monday
21-01-2022 18:00,44.74394808,-101.010711,Fog,Icy,17,Thursday
21-01-2022 19:00,44.86210744,-76.83331752,Clear,Potholes,19,Tuesday
21-01-2022 20:00,41.98161714,-94.04591074,Hail,Muddy,18,Sunday
21-01-2022 21:00,40.36096366,-96.04090612,Clear,Construction,16,Monday
21-01-2022 22:00,38.09527616,-118.7178967,Snow,Dry,11,Tuesday
21-01-2022 23:00,43.1379502,-102.9376086,Fog,Muddy,13,Friday
22-01-2022 00:00,41.84731173,-100.9902191,Clear,Potholes,6,Wednesday
22-01-2022 01:00,36.62616939,-100.058861,Hail,Dry,9,Tuesday
22-01-2022 02:00,44.10927184,-90.99138154,Clear,Dry,10,Thursday
22-01-2022 03:00,43.22537243,-93.31987266,Fog,Potholes,15,Saturday
22-01-2022 04:00,44.49799913,-89.60474536,Clear,Icy,21,Thursday
22-01-2022 05:00,42.25719508,-81.75583692,Snow,Icy,2,Saturday
22-01-2022 06:00,41.13415196,-79.35071306,Rain,Snowy,12,Thursday
22-01-2022 07:00,39.18243036,-84.09384619,Snow,Muddy,6,Monday
22-01-2022 08:00,44.32728483,-72.2238152,Storm,Muddy,22,Thursday
22-01-2022 09:00,43.6606389,-119.0883709,Snow,Construction,8,Friday
22-01-2022 10:00,35.4521867,-110.2111007,Storm,Icy,22,Monday
22-01-2022 11:00,35.26366974,-119.6218563,Storm,Potholes,7,Wednesday
22-01-2022 12:00,38.76463367,-87.62626429,Rain,Muddy,0,Thursday
22-01-2022 13:00,43.10553331,-75.09847255,Clear,Snowy,18,Monday
22-01-2022 14:00,44.87276129,-107.8258852,Clear,Icy,17,Monday
22-01-2022 15:00,36.50416891,-73.64827276,Fog,Muddy,17,Friday
22-01-2022 16:00,40.94130715,-116.9866305,Cloudy,Wet,11,Friday
22-01-2022 17:00,38.80890857,-73.27819866,Snow,Dry,15,Wednesday
22-01-2022 18:00,44.69914398,-102.4188656,Hail,Potholes,8,Thursday
22-01-2022 19:00,43.42118923,-114.9289586,Storm,Snowy,1,Tuesday
22-01-2022 20:00,43.38328705,-95.70641204,Hail,Icy,12,Friday
22-01-2022 21:00,39.6869316,-107.1611716,Storm,Snowy,5,Sunday
22-01-2022 22:00,39.14819502,-105.7563549,Cloudy,Wet,10,Wednesday
22-01-2022 23:00,37.73407072,-104.6355018,Rain,Wet,5,Monday
23-01-2022 00:00,35.56375497,-79.84870511,Clear,Snowy,6,Tuesday
23-01-2022 01:00,43.64722376,-93.04193617,Rain,Construction,19,Thursday
23-01-2022 02:00,43.12901009,-104.434615,Clear,Wet,8,Thursday
23-01-2022 03:00,44.99717673,-89.48331083,Hail,Construction,13,Friday
23-01-2022 04:00,44.96636837,-84.19246629,Fog,Snowy,13,Thursday
23-01-2022 05:00,40.55431706,-106.3688,Rain,Dry,11,Friday
23-01-2022 06:00,42.68987415,-99.32254492,Hail,Potholes,8,Saturday
23-01-2022 07:00,44.4476573,-113.9056953,Storm,Snowy,16,Monday
23-01-2022 08:00,43.49647391,-110.9425325,Rain,Construction,1,Saturday
23-01-2022 09:00,37.47348102,-85.9441073,Hail,Snowy,2,Tuesday
23-01-2022 10:00,39.50544135,-110.9280826,Storm,Dry,18,Wednesday
23-01-2022 11:00,36.29159415,-93.74183082,Clear,Muddy,11,Saturday
23-01-2022 12:00,44.54051027,-84.54768691,Storm,Potholes,2,Sunday
23-01-2022 13:00,41.06174634,-114.6561538,Cloudy,Icy,20,Wednesday
23-01-2022 14:00,37.28642806,-91.63438902,Clear,Icy,10,Thursday
23-01-2022 15:00,41.71700684,-107.1718608,Clear,Dry,0,Friday
23-01-2022 16:00,41.1812824,-71.85365624,Snow,Snowy,22,Monday
23-01-2022 17:00,38.58162718,-95.82271766,Hail,Construction,4,Tuesday
23-01-2022 18:00,36.13557592,-79.70037251,Cloudy,Potholes,16,Monday
23-01-2022 19:00,41.71573196,-92.48867289,Snow,Muddy,3,Saturday
23-01-2022 20:00,40.20307701,-117.8293734,Storm,Construction,15,Saturday
23-01-2022 21:00,42.72318392,-88.34243122,Clear,Muddy,3,Monday
23-01-2022 22:00,40.20163501,-72.42983289,Hail,Potholes,22,Friday
23-01-2022 23:00,43.521815,-89.91940899,Hail,Snowy,6,Tuesday
24-01-2022 00:00,40.51906839,-79.04055703,Clear,Dry,15,Sunday
24-01-2022 01:00,40.60937972,-75.78967683,Storm,Wet,6,Wednesday
24-01-2022 02:00,43.76653603,-108.5960114,Storm,Dry,8,Thursday
24-01-2022 03:00,39.03482866,-109.397758,Hail,Potholes,21,Saturday
24-01-2022 04:00,36.34015228,-89.45095056,Clear,Dry,3,Saturday
24-01-2022 05:00,35.28782676,-99.44857651,Cloudy,Snowy,9,Monday
24-01-2022 06:00,42.55137256,-78.00693486,Storm,Icy,7,Wednesday
24-01-2022 07:00,41.20309551,-74.99884383,Snow,Potholes,16,Sunday
24-01-2022 08:00,42.04079768,-102.328931,Snow,Snowy,5,Saturday
24-01-2022 09:00,37.12964162,-108.1564721,Snow,Muddy,15,Friday
24-01-2022 10:00,36.36371476,-80.97372424,Fog,Dry,16,Saturday
24-01-2022 11:00,35.14544666,-106.2596982,Snow,Icy,0,Thursday
24-01-2022 12:00,38.50587559,-78.86928407,Storm,Construction,11,Friday
24-01-2022 13:00,40.89917687,-98.81308732,Storm,Potholes,3,Sunday
24-01-2022 14:00,38.92244045,-86.62250504,Clear,Snowy,5,Monday
24-01-2022 15:00,39.37474922,-115.2232343,Cloudy,Potholes,16,Thursday
24-01-2022 16:00,44.04158694,-88.80703377,Hail,Potholes,0,Thursday
24-01-2022 17:00,38.48255467,-97.41161606,Storm,Dry,16,Monday
24-01-2022 18:00,40.13989489,-90.66957684,Hail,Construction,19,Sunday
24-01-2022 19:00,42.83653013,-111.5992896,Fog,Muddy,23,Saturday
24-01-2022 20:00,38.96542782,-83.15631275,Storm,Snowy,10,Thursday
24-01-2022 21:00,41.220867,-76.86014612,Cloudy,Muddy,3,Thursday
24-01-2022 22:00,43.62363709,-109.16301,Rain,Icy,1,Sunday
24-01-2022 23:00,44.49520624,-115.2142722,Storm,Construction,9,Tuesday
25-01-2022 00:00,36.47073481,-118.8180707,Fog,Potholes,17,Friday
25-01-2022 01:00,44.26587625,-87.90142498,Fog,Muddy,2,Saturday
25-01-2022 02:00,39.92116293,-89.6452982,Fog,Wet,7,Monday
25-01-2022 03:00,37.58244388,-92.66512936,Storm,Construction,21,Wednesday
25-01-2022 04:00,39.59135756,-108.4026452,Rain,Snowy,3,Friday
25-01-2022 05:00,44.80032575,-100.4547002,Storm,Construction,18,Sunday
25-01-2022 06:00,39.92618094,-90.27618324,Storm,Dry,18,Thursday
25-01-2022 07:00,38.2875161,-95.16165706,Clear,Dry,3,Wednesday
25-01-2022 08:00,41.33400854,-70.61072399,Cloudy,Wet,23,Sunday
25-01-2022 09:00,37.40145619,-113.1780124,Rain,Wet,3,Sunday
25-01-2022 10:00,35.75863328,-85.2427723,Fog,Icy,12,Saturday
25-01-2022 11:00,36.28879722,-99.78406159,Hail,Muddy,0,Tuesday
25-01-2022 12:00,36.28045839,-98.59001925,Snow,Icy,15,Sunday
25-01-2022 13:00,36.51902694,-84.12011172,Clear,Construction,10,Sunday
25-01-2022 14:00,36.38827173,-85.37819243,Storm,Construction,17,Thursday
25-01-2022 15:00,41.40874745,-70.43720031,Rain,Potholes,15,Monday
25-01-2022 16:00,36.81880084,-113.5802855,Rain,Wet,3,Wednesday
25-01-2022 17:00,38.45667283,-114.7945175,Storm,Muddy,9,Friday
25-01-2022 18:00,43.9678841,-83.78305914,Snow,Snowy,16,Saturday
25-01-2022 19:00,39.7396164,-91.08065415,Cloudy,Dry,20,Wednesday
25-01-2022 20:00,41.67557739,-106.2919667,Hail,Icy,2,Friday
25-01-2022 21:00,36.72319871,-116.0290316,Rain,Snowy,2,Sunday
25-01-2022 22:00,36.92289019,-115.7170875,Clear,Snowy,18,Friday
25-01-2022 23:00,35.40868616,-75.29045627,Cloudy,Wet,14,Sunday
26-01-2022 00:00,36.68935063,-110.4066338,Clear,Construction,9,Friday
26-01-2022 01:00,37.78590339,-103.8314219,Storm,Wet,23,Tuesday
26-01-2022 02:00,36.77010484,-108.6671799,Fog,Muddy,7,Friday
26-01-2022 03:00,35.88702534,-102.2501847,Storm,Potholes,3,Wednesday
26-01-2022 04:00,36.20635871,-116.5288079,Hail,Muddy,6,Wednesday
26-01-2022 05:00,39.60778768,-94.04701045,Hail,Potholes,2,Friday
26-01-2022 06:00,37.06333718,-116.6193718,Fog,Snowy,13,Sunday
26-01-2022 07:00,38.64269861,-79.98217461,Storm,Potholes,14,Friday
26-01-2022 08:00,40.03417271,-108.3143959,Clear,Dry,14,Sunday
26-01-2022 09:00,41.90394829,-92.99940427,Rain,Dry,18,Thursday
26-01-2022 10:00,35.3931214,-75.99604562,Hail,Muddy,16,Friday
26-01-2022 11:00,42.99410399,-87.45613155,Snow,Muddy,20,Wednesday
26-01-2022 12:00,41.27900389,-93.35211067,Hail,Muddy,15,Monday
26-01-2022 13:00,35.81759032,-103.7833123,Fog,Potholes,7,Wednesday
26-01-2022 14:00,43.73578624,-103.3499043,Fog,Icy,12,Thursday
26-01-2022 15:00,44.20872401,-86.52565224,Snow,Muddy,12,Thursday
26-01-2022 16:00,35.6107796,-70.29303194,Storm,Snowy,17,Friday
26-01-2022 17:00,37.76877648,-86.90804051,Snow,Muddy,7,Wednesday
26-01-2022 18:00,43.0620128,-92.11082913,Hail,Icy,1,Saturday
26-01-2022 19:00,42.4825969,-83.46747449,Rain,Construction,21,Saturday
26-01-2022 20:00,36.84521019,-96.73971939,Rain,Snowy,22,Wednesday
26-01-2022 21:00,37.09349323,-116.9928829,Clear,Potholes,11,Saturday
26-01-2022 22:00,38.70472103,-91.88515921,Rain,Muddy,2,Saturday
26-01-2022 23:00,39.84522985,-72.11873577,Clear,Icy,11,Thursday
27-01-2022 00:00,41.18254772,-111.2348529,Fog,Dry,14,Monday
27-01-2022 01:00,38.6891364,-85.49975546,Storm,Dry,12,Tuesday
27-01-2022 02:00,39.62534716,-109.9533156,Rain,Snowy,23,Friday
27-01-2022 03:00,42.47470938,-93.20861578,Rain,Snowy,23,Tuesday
27-01-2022 04:00,35.36683203,-115.1661775,Fog,Wet,22,Saturday
27-01-2022 05:00,37.52436944,-97.48145319,Storm,Muddy,3,Tuesday
27-01-2022 06:00,42.13349586,-82.19183356,Cloudy,Icy,20,Wednesday
27-01-2022 07:00,43.95206838,-102.6214238,Fog,Potholes,13,Tuesday
27-01-2022 08:00,40.11677442,-86.75441378,Rain,Potholes,8,Saturday
27-01-2022 09:00,40.32113485,-80.22750196,Clear,Construction,16,Friday
27-01-2022 10:00,36.07172011,-73.64110903,Rain,Construction,18,Wednesday
27-01-2022 11:00,39.47412367,-108.2678959,Rain,Dry,22,Saturday
27-01-2022 12:00,40.32617266,-100.0342042,Rain,Icy,18,Monday
27-01-2022 13:00,37.42470504,-112.3791993,Clear,Snowy,0,Saturday
27-01-2022 14:00,37.69243231,-70.37582489,Fog,Icy,1,Monday
27-01-2022 15:00,38.77284163,-73.6499516,Rain,Snowy,6,Sunday
27-01-2022 16:00,35.20071198,-93.00214349,Cloudy,Wet,0,Saturday
27-01-2022 17:00,38.22079166,-77.89833528,Fog,Wet,1,Sunday
27-01-2022 18:00,37.11448007,-93.95210114,Hail,Dry,18,Saturday
27-01-2022 19:00,38.27497352,-88.8207156,Clear,Icy,12,Thursday
27-01-2022 20:00,36.19762132,-115.5437784,Cloudy,Icy,15,Tuesday
27-01-2022 21:00,43.90527281,-82.23647898,Fog,Muddy,12,Saturday
27-01-2022 22:00,40.93592454,-113.6143258,Cloudy,Wet,9,Saturday
27-01-2022 23:00,41.79102319,-78.69661849,Hail,Construction,16,Wednesday
28-01-2022 00:00,42.89171239,-80.89859562,Fog,Wet,1,Friday
28-01-2022 01:00,39.98442199,-84.56276511,Fog,Icy,12,Sunday
28-01-2022 02:00,35.86920288,-118.191981,Rain,Muddy,14,Wednesday
28-01-2022 03:00,40.37106542,-104.8435822,Clear,Icy,6,Sunday
28-01-2022 04:00,40.86841118,-106.8443715,Cloudy,Potholes,7,Sunday
28-01-2022 05:00,42.45439474,-101.9931796,Fog,Snowy,12,Wednesday
28-01-2022 06:00,39.31659546,-115.6178627,Storm,Snowy,4,Thursday
28-01-2022 07:00,36.27580303,-73.15210885,Snow,Snowy,19,Monday
28-01-2022 08:00,37.83775906,-92.30988796,Clear,Icy,12,Tuesday
28-01-2022 09:00,38.63082296,-104.7237845,Hail,Dry,9,Friday
28-01-2022 10:00,41.45917241,-100.1509241,Clear,Construction,15,Saturday
28-01-2022 11:00,40.70778305,-97.63987297,Rain,Snowy,20,Sunday
28-01-2022 12:00,38.56096726,-89.97028333,Fog,Construction,16,Saturday
28-01-2022 13:00,44.86515249,-94.21602862,Snow,Wet,1,Sunday
28-01-2022 14:00,41.05774819,-74.03040134,Cloudy,Icy,16,Friday
28-01-2022 15:00,37.37226792,-95.15182585,Clear,Dry,17,Friday
28-01-2022 16:00,36.01782473,-70.39209926,Storm,Snowy,20,Saturday
28-01-2022 17:00,36.52859139,-77.42875211,Hail,Construction,1,Thursday
28-01-2022 18:00,37.45957728,-109.5744743,Storm,Muddy,2,Friday
28-01-2022 19:00,36.60681373,-73.47023927,Rain,Snowy,10,Saturday
28-01-2022 20:00,36.86567024,-114.1816801,Fog,Snowy,10,Sunday
28-01-2022 21:00,37.85095169,-79.12751458,Fog,Potholes,14,Wednesday
28-01-2022 22:00,36.73373595,-100.9688353,Fog,Snowy,7,Tuesday
28-01-2022 23:00,43.96765425,-76.10128398,Cloudy,Construction,17,Friday
29-01-2022 00:00,35.80233746,-76.59716549,Cloudy,Potholes,17,Tuesday
29-01-2022 01:00,40.2451139,-79.70372999,Snow,Potholes,2,Tuesday
29-01-2022 02:00,39.10396827,-80.49847818,Hail,Icy,16,Thursday
29-01-2022 03:00,44.82378617,-104.766043,Hail,Icy,16,Wednesday
29-01-2022 04:00,36.12038902,-115.9540358,Storm,Snowy,3,Wednesday
29-01-2022 05:00,38.97855599,-99.85099106,Cloudy,Wet,22,Thursday
29-01-2022 06:00,44.69470433,-111.3237743,Rain,Snowy,12,Monday
29-01-2022 07:00,43.65507126,-85.25244555,Rain,Dry,18,Friday
29-01-2022 08:00,43.17072071,-102.6950137,Hail,Snowy,17,Tuesday
29-01-2022 09:00,37.57902827,-71.21948996,Rain,Potholes,4,Wednesday
29-01-2022 10:00,36.70887587,-87.95139613,Rain,Wet,3,Friday
29-01-2022 11:00,41.6864322,-78.87597182,Clear,Construction,18,Tuesday
29-01-2022 12:00,44.29375989,-113.3737664,Clear,Muddy,6,Tuesday
29-01-2022 13:00,40.56762893,-76.89927589,Fog,Dry,21,Wednesday
29-01-2022 14:00,40.71612689,-73.86214047,Hail,Construction,18,Monday
29-01-2022 15:00,37.79979094,-95.64690406,Snow,Icy,0,Sunday
29-01-2022 16:00,42.69492933,-89.68735311,Rain,Potholes,19,Friday
29-01-2022 17:00,36.87043749,-81.75950995,Hail,Icy,6,Friday
29-01-2022 18:00,38.23679236,-111.2580686,Hail,Construction,1,Thursday
29-01-2022 19:00,39.25436439,-94.87169618,Fog,Potholes,17,Friday
29-01-2022 20:00,40.07610379,-100.0668486,Hail,Wet,13,Wednesday
29-01-2022 21:00,37.42409732,-112.6813004,Cloudy,Snowy,1,Saturday
29-01-2022 22:00,36.14836825,-101.6232789,Storm,Snowy,10,Wednesday
29-01-2022 23:00,41.10620042,-116.5913845,Hail,Dry,8,Tuesday
30-01-2022 00:00,37.88630553,-118.7094047,Hail,Dry,11,Tuesday
30-01-2022 01:00,40.81238221,-113.2416855,Cloudy,Icy,13,Monday
30-01-2022 02:00,36.54362715,-71.84424442,Snow,Snowy,8,Thursday
30-01-2022 03:00,39.81140102,-92.52352321,Fog,Snowy,6,Wednesday
30-01-2022 04:00,40.32589433,-71.70889194,Hail,Muddy,2,Thursday
30-01-2022 05:00,35.51823537,-98.37510608,Cloudy,Snowy,13,Monday
30-01-2022 06:00,38.36604278,-104.4091933,Storm,Icy,17,Tuesday
30-01-2022 07:00,36.34414677,-94.69290686,Clear,Muddy,5,Tuesday
30-01-2022 08:00,35.6337497,-98.02441557,Rain,Wet,12,Wednesday
30-01-2022 09:00,44.89960232,-114.7167658,Snow,Construction,1,Wednesday
30-01-2022 10:00,38.22353845,-87.95868427,Storm,Potholes,20,Tuesday
30-01-2022 11:00,43.09874446,-109.1980909,Fog,Icy,5,Saturday
30-01-2022 12:00,37.54640655,-89.02060226,Snow,Icy,11,Thursday
30-01-2022 13:00,41.81502722,-87.48994538,Clear,Potholes,9,Sunday
30-01-2022 14:00,42.6022786,-112.3987573,Hail,Snowy,3,Saturday
30-01-2022 15:00,40.95638741,-116.9325186,Hail,Muddy,22,Sunday
30-01-2022 16:00,39.71576189,-80.9619207,Cloudy,Icy,20,Monday
30-01-2022 17:00,39.11840914,-97.00997881,Fog,Potholes,13,Friday
30-01-2022 18:00,38.48868267,-117.0918102,Fog,Icy,21,Thursday
30-01-2022 19:00,44.29529144,-70.25668414,Clear,Muddy,17,Sunday
30-01-2022 20:00,43.30619408,-117.110972,Clear,Construction,10,Friday
30-01-2022 21:00,44.65026911,-85.24823856,Fog,Muddy,7,Friday
30-01-2022 22:00,36.24297223,-70.81605374,Snow,Potholes,9,Sunday
30-01-2022 23:00,42.30867475,-108.0409948,Rain,Potholes,17,Friday
31-01-2022 00:00,44.38340457,-112.8875316,Clear,Muddy,6,Wednesday
31-01-2022 01:00,36.81233066,-113.930753,Cloudy,Dry,1,Sunday
31-01-2022 02:00,35.66496267,-104.8362426,Storm,Snowy,8,Sunday
31-01-2022 03:00,42.41120649,-114.9477094,Hail,Construction,12,Wednesday
31-01-2022 04:00,40.74473113,-85.39193292,Cloudy,Potholes,21,Thursday
31-01-2022 05:00,43.41828777,-116.8854101,Cloudy,Potholes,4,Tuesday
31-01-2022 06:00,36.39772377,-94.52889359,Hail,Muddy,19,Sunday
31-01-2022 07:00,42.95267312,-70.16515731,Rain,Potholes,23,Saturday
31-01-2022 08:00,37.0162732,-79.30148652,Clear,Muddy,22,Wednesday
31-01-2022 09:00,36.63655943,-89.23902809,Storm,Wet,1,Saturday
31-01-2022 10:00,36.64265798,-104.687319,Fog,Muddy,11,Thursday
31-01-2022 11:00,43.1457472,-88.80520819,Hail,Muddy,6,Monday
31-01-2022 12:00,41.65197221,-93.6479268,Cloudy,Potholes,20,Sunday
31-01-2022 13:00,40.23065425,-98.69583081,Rain,Wet,7,Tuesday
31-01-2022 14:00,38.58830484,-113.4644812,Hail,Muddy,13,Thursday
31-01-2022 15:00,43.77200541,-75.66978924,Hail,Dry,0,Sunday
31-01-2022 16:00,38.92445107,-97.51076756,Fog,Construction,4,Tuesday
31-01-2022 17:00,43.16599439,-110.2688744,Clear,Dry,13,Sunday
31-01-2022 18:00,39.39134909,-101.6120325,Snow,Dry,7,Thursday
31-01-2022 19:00,38.76944429,-99.29351237,Snow,Icy,14,Monday
31-01-2022 20:00,39.62679786,-78.62310522,Hail,Wet,11,Monday
31-01-2022 21:00,38.01377874,-83.31928097,Cloudy,Muddy,14,Friday
31-01-2022 22:00,42.4760938,-81.53475532,Snow,Icy,11,Saturday
31-01-2022 23:00,40.0272039,-119.4484368,Hail,Potholes,18,Sunday
01-02-2022 00:00,37.32212695,-99.19230009,Snow,Construction,4,Wednesday
01-02-2022 01:00,43.99574573,-95.93279242,Cloudy,Construction,21,Monday
01-02-2022 02:00,38.83891221,-119.0403862,Storm,Potholes,18,Thursday
01-02-2022 03:00,40.43552861,-107.0093396,Fog,Dry,5,Friday
01-02-2022 04:00,44.06472111,-81.98550884,Fog,Dry,0,Sunday
01-02-2022 05:00,41.24237996,-113.1445147,Snow,Wet,9,Saturday
01-02-2022 06:00,36.16898041,-93.23449343,Snow,Icy,5,Friday
01-02-2022 07:00,44.39832124,-109.2399064,Cloudy,Muddy,8,Sunday
01-02-2022 08:00,41.27708053,-119.3939613,Snow,Snowy,20,Saturday
01-02-2022 09:00,38.34905615,-107.9399271,Fog,Icy,21,Tuesday
01-02-2022 10:00,36.39272073,-71.20631225,Cloudy,Wet,22,Thursday
01-02-2022 11:00,42.94025189,-79.92314441,Hail,Construction,0,Wednesday
01-02-2022 12:00,41.20072756,-72.02116778,Fog,Icy,15,Monday
01-02-2022 13:00,40.33461092,-95.6072978,Snow,Icy,20,Monday
01-02-2022 14:00,43.93892583,-114.5131901,Rain,Potholes,17,Saturday
01-02-2022 15:00,42.88597211,-92.60202555,Snow,Potholes,2,Thursday
01-02-2022 16:00,36.5167488,-97.28113327,Storm,Muddy,12,Friday
01-02-2022 17:00,38.11722068,-77.78214586,Hail,Muddy,5,Tuesday
01-02-2022 18:00,37.4848914,-115.095871,Storm,Muddy,11,Tuesday
01-02-2022 19:00,42.43946293,-95.58794315,Rain,Wet,1,Wednesday
01-02-2022 20:00,35.33532435,-112.4975668,Fog,Wet,23,Friday
01-02-2022 21:00,40.69889685,-103.7662037,Cloudy,Snowy,17,Thursday
01-02-2022 22:00,42.62458686,-83.13214613,Fog,Wet,2,Monday
01-02-2022 23:00,43.76765637,-96.19909353,Hail,Construction,22,Friday
02-02-2022 00:00,38.42081749,-101.2055857,Clear,Icy,21,Thursday
02-02-2022 01:00,43.21257305,-100.2761861,Cloudy,Icy,12,Friday
02-02-2022 02:00,36.10631737,-97.02766158,Hail,Wet,16,Friday
02-02-2022 03:00,43.46452292,-80.74917281,Rain,Muddy,8,Saturday
02-02-2022 04:00,36.27488662,-75.39576555,Rain,Icy,23,Friday
02-02-2022 05:00,38.97287291,-72.23326567,Fog,Icy,2,Friday
02-02-2022 06:00,42.97295366,-80.65483069,Fog,Construction,2,Monday
02-02-2022 07:00,36.49917427,-104.2296552,Clear,Potholes,3,Sunday
02-02-2022 08:00,37.29251395,-85.5932647,Cloudy,Wet,19,Monday
02-02-2022 09:00,42.22252568,-98.1198438,Cloudy,Dry,1,Saturday
02-02-2022 10:00,42.20036537,-107.2664689,Fog,Muddy,13,Wednesday
02-02-2022 11:00,41.41147633,-77.95642103,Clear,Icy,10,Monday
02-02-2022 12:00,41.93948444,-118.0786826,Storm,Construction,23,Saturday
02-02-2022 13:00,40.42724443,-74.91190039,Fog,Potholes,5,Thursday
02-02-2022 14:00,37.51799059,-96.92612677,Storm,Construction,6,Wednesday
02-02-2022 15:00,38.45695994,-88.13992616,Fog,Potholes,7,Friday
02-02-2022 16:00,36.81597717,-87.03230389,Rain,Icy,19,Thursday
02-02-2022 17:00,44.08450561,-75.24411296,Storm,Icy,16,Thursday
02-02-2022 18:00,40.83391795,-88.16651589,Cloudy,Muddy,17,Monday
02-02-2022 19:00,39.00851417,-89.30332076,Rain,Icy,7,Wednesday
02-02-2022 20:00,39.62005804,-116.667398,Fog,Snowy,6,Saturday
02-02-2022 21:00,44.4728334,-94.0795989,Snow,Wet,1,Thursday
02-02-2022 22:00,36.53351403,-112.49155,Cloudy,Snowy,4,Sunday
02-02-2022 23:00,40.86229832,-83.12831156,Fog,Wet,18,Tuesday
03-02-2022 00:00,40.05888679,-94.38890396,Cloudy,Snowy,14,Friday
03-02-2022 01:00,41.11454235,-85.98861104,Cloudy,Construction,3,Sunday
03-02-2022 02:00,35.18110184,-117.916355,Rain,Muddy,3,Saturday
03-02-2022 03:00,43.72123909,-115.7603992,Storm,Dry,11,Saturday
03-02-2022 04:00,44.32118282,-84.1838306,Snow,Muddy,9,Wednesday
03-02-2022 05:00,40.65133184,-116.3957832,Cloudy,Muddy,12,Sunday
03-02-2022 06:00,41.96650824,-116.4371636,Fog,Wet,23,Thursday
03-02-2022 07:00,44.22499381,-119.3945762,Storm,Muddy,4,Thursday
03-02-2022 08:00,42.07238634,-72.17493009,Rain,Snowy,7,Monday
03-02-2022 09:00,36.52539043,-83.12458203,Snow,Muddy,6,Monday
03-02-2022 10:00,40.7628836,-102.3374296,Hail,Dry,2,Friday
03-02-2022 11:00,41.06715046,-105.1732209,Cloudy,Icy,3,Thursday
03-02-2022 12:00,39.24130671,-102.5148385,Fog,Potholes,16,Sunday
03-02-2022 13:00,42.36444236,-81.26732344,Rain,Dry,19,Wednesday
03-02-2022 14:00,44.34367015,-86.93146945,Fog,Potholes,16,Saturday
03-02-2022 15:00,44.25568513,-110.7402216,Snow,Dry,0,Sunday
03-02-2022 16:00,39.50839371,-111.2945332,Fog,Snowy,20,Wednesday
03-02-2022 17:00,36.13238046,-115.0802175,Fog,Construction,7,Wednesday
03-02-2022 18:00,44.84841199,-86.98486401,Fog,Icy,2,Friday
03-02-2022 19:00,43.38898086,-81.78136689,Snow,Construction,5,Thursday
03-02-2022 20:00,36.24662681,-106.7476786,Rain,Construction,8,Tuesday
03-02-2022 21:00,44.20841883,-118.9527519,Hail,Snowy,12,Tuesday
03-02-2022 22:00,43.69896362,-115.8914166,Hail,Wet,16,Saturday
03-02-2022 23:00,40.18838057,-71.60699826,Rain,Construction,6,Tuesday
04-02-2022 00:00,40.91275436,-105.2277611,Storm,Icy,23,Tuesday
04-02-2022 01:00,38.99002704,-81.53884261,Clear,Muddy,0,Saturday
04-02-2022 02:00,35.54761639,-88.76682156,Storm,Construction,9,Saturday
04-02-2022 03:00,38.35197242,-100.903018,Hail,Dry,10,Saturday
04-02-2022 04:00,43.02853449,-109.7156369,Storm,Muddy,17,Sunday
04-02-2022 05:00,35.04632023,-113.9306791,Snow,Snowy,5,Sunday
04-02-2022 06:00,38.33499172,-89.2493516,Hail,Potholes,11,Thursday
04-02-2022 07:00,38.98168694,-81.26831097,Storm,Construction,19,Thursday
04-02-2022 08:00,40.37395603,-87.80478732,Cloudy,Construction,3,Wednesday
04-02-2022 09:00,44.19855616,-93.48489334,Fog,Wet,0,Monday
04-02-2022 10:00,38.46345994,-117.9024388,Clear,Construction,19,Monday
04-02-2022 11:00,38.46953202,-71.57556112,Fog,Wet,23,Saturday
04-02-2022 12:00,42.37501248,-80.06429042,Hail,Construction,3,Thursday
04-02-2022 13:00,39.52217941,-105.3588982,Cloudy,Construction,19,Wednesday
04-02-2022 14:00,37.24604823,-71.00148353,Cloudy,Icy,8,Monday
04-02-2022 15:00,39.52439516,-89.90592052,Fog,Snowy,15,Friday
04-02-2022 16:00,36.4085702,-90.87886709,Fog,Construction,15,Monday
04-02-2022 17:00,36.76386987,-82.59634103,Fog,Construction,13,Friday
04-02-2022 18:00,39.98367773,-79.4115106,Storm,Construction,6,Sunday
04-02-2022 19:00,39.1892545,-87.17606963,Snow,Construction,19,Wednesday
04-02-2022 20:00,44.14845901,-113.5952127,Hail,Dry,0,Thursday
04-02-2022 21:00,38.62393899,-103.0866247,Rain,Snowy,1,Friday
04-02-2022 22:00,40.8058835,-73.59581798,Fog,Dry,21,Wednesday
04-02-2022 23:00,41.32264288,-108.7692194,Cloudy,Construction,10,Friday
05-02-2022 00:00,35.13094457,-101.3916488,Snow,Wet,3,Thursday
05-02-2022 01:00,41.63537372,-98.39615585,Hail,Construction,21,Wednesday
05-02-2022 02:00,36.78035967,-98.02975052,Hail,Snowy,19,Wednesday
05-02-2022 03:00,44.61070317,-89.35302088,Storm,Snowy,7,Wednesday
05-02-2022 04:00,36.48662728,-72.84620811,Storm,Construction,1,Monday
05-02-2022 05:00,39.14624124,-107.9653644,Cloudy,Potholes,11,Tuesday
05-02-2022 06:00,35.85349668,-113.9249312,Snow,Snowy,4,Tuesday
05-02-2022 07:00,44.96874252,-110.1264755,Snow,Wet,13,Saturday
05-02-2022 08:00,40.0219501,-75.65375499,Storm,Dry,19,Thursday
05-02-2022 09:00,40.95385017,-87.70945937,Storm,Wet,9,Saturday
05-02-2022 10:00,35.67076477,-105.7046605,Cloudy,Snowy,0,Monday
05-02-2022 11:00,42.4996047,-79.20265305,Clear,Wet,16,Saturday
05-02-2022 12:00,37.09905593,-76.93150018,Clear,Wet,4,Sunday
05-02-2022 13:00,43.98054289,-77.67428307,Hail,Potholes,5,Thursday
05-02-2022 14:00,37.0513964,-74.05367332,Cloudy,Potholes,4,Wednesday
05-02-2022 15:00,36.90687721,-107.387949,Cloudy,Snowy,6,Wednesday
05-02-2022 16:00,35.36549668,-82.24790356,Storm,Potholes,21,Thursday
05-02-2022 17:00,39.72066945,-96.97302514,Fog,Wet,0,Tuesday
05-02-2022 18:00,40.64841133,-77.90007236,Clear,Potholes,14,Friday
05-02-2022 19:00,35.65708639,-83.57546614,Hail,Construction,5,Saturday
05-02-2022 20:00,42.75527617,-81.17762768,Cloudy,Potholes,7,Sunday
05-02-2022 21:00,39.53288835,-87.19190812,Fog,Snowy,9,Monday
05-02-2022 22:00,40.24390269,-111.1285615,Hail,Dry,13,Thursday
05-02-2022 23:00,39.40762747,-92.74865406,Cloudy,Muddy,1,Tuesday
06-02-2022 00:00,39.00763061,-70.76651302,Clear,Wet,6,Sunday
06-02-2022 01:00,40.59640331,-73.13059668,Storm,Dry,3,Monday
06-02-2022 02:00,36.55240246,-117.8413132,Snow,Icy,4,Monday
06-02-2022 03:00,36.8192813,-111.7592592,Snow,Wet,21,Monday
06-02-2022 04:00,43.61785621,-113.4135613,Rain,Wet,12,Thursday
06-02-2022 05:00,44.46115462,-83.7010045,Fog,Wet,15,Monday
06-02-2022 06:00,38.73309316,-79.11073351,Fog,Potholes,19,Friday
06-02-2022 07:00,37.70744673,-109.3244317,Storm,Construction,19,Wednesday
06-02-2022 08:00,41.43999543,-94.70736535,Rain,Icy,23,Friday
06-02-2022 09:00,39.08734171,-77.9648486,Clear,Potholes,18,Sunday
06-02-2022 10:00,35.25386356,-83.35992276,Cloudy,Dry,8,Thursday
06-02-2022 11:00,36.56152597,-92.88813973,Hail,Muddy,13,Thursday
06-02-2022 12:00,42.15972229,-90.48261548,Rain,Muddy,11,Sunday
06-02-2022 13:00,41.58923942,-94.58197265,Cloudy,Dry,21,Thursday
06-02-2022 14:00,35.27095993,-105.1225774,Rain,Dry,12,Saturday
06-02-2022 15:00,37.21972162,-91.74890036,Fog,Icy,9,Wednesday
06-02-2022 16:00,37.31074797,-85.5557349,Rain,Icy,4,Tuesday
06-02-2022 17:00,41.71892744,-76.33385421,Rain,Snowy,7,Saturday
06-02-2022 18:00,35.19710538,-88.1854323,Clear,Construction,5,Saturday
06-02-2022 19:00,36.04108582,-81.94392315,Storm,Muddy,21,Wednesday
06-02-2022 20:00,42.99916085,-111.9964183,Cloudy,Icy,18,Thursday
06-02-2022 21:00,36.78544662,-96.92212628,Hail,Dry,1,Thursday
06-02-2022 22:00,41.52746108,-119.533419,Rain,Construction,23,Wednesday
06-02-2022 23:00,37.38182781,-107.6660568,Fog,Icy,12,Thursday
07-02-2022 00:00,35.99441393,-83.67691424,Snow,Muddy,18,Friday
07-02-2022 01:00,37.43172191,-70.40950243,Hail,Wet,23,Saturday
07-02-2022 02:00,42.22266932,-115.041095,Hail,Dry,23,Saturday
07-02-2022 03:00,43.55696468,-99.92528421,Snow,Wet,2,Friday
07-02-2022 04:00,43.30219865,-79.99645157,Rain,Potholes,15,Tuesday
07-02-2022 05:00,38.9718353,-109.7982183,Storm,Muddy,6,Thursday
07-02-2022 06:00,41.68085137,-92.24575253,Rain,Icy,19,Thursday
07-02-2022 07:00,37.04984295,-83.3464352,Snow,Snowy,22,Tuesday
07-02-2022 08:00,37.9314773,-89.20072749,Fog,Snowy,1,Sunday
07-02-2022 09:00,43.96335819,-110.5987633,Rain,Snowy,23,Friday
07-02-2022 10:00,35.13001924,-102.2307716,Hail,Muddy,5,Sunday
07-02-2022 11:00,35.85508531,-80.81041078,Hail,Wet,20,Saturday
07-02-2022 12:00,37.07886255,-92.28867429,Cloudy,Wet,19,Thursday
07-02-2022 13:00,35.26532204,-119.7385193,Snow,Potholes,8,Wednesday
07-02-2022 14:00,36.81435435,-81.950462,Cloudy,Construction,20,Tuesday
07-02-2022 15:00,40.83041561,-118.2344323,Hail,Dry,20,Thursday
07-02-2022 16:00,39.21424551,-82.71331086,Rain,Snowy,4,Monday
07-02-2022 17:00,43.92671711,-109.875972,Fog,Muddy,14,Wednesday
07-02-2022 18:00,43.17443562,-72.09632599,Hail,Dry,19,Monday
07-02-2022 19:00,38.41817352,-101.6029624,Storm,Snowy,16,Tuesday
07-02-2022 20:00,37.59423433,-103.6534192,Clear,Dry,21,Sunday
07-02-2022 21:00,38.79692408,-112.5555975,Hail,Snowy,0,Wednesday
07-02-2022 22:00,40.90294943,-104.7197892,Fog,Snowy,16,Thursday
07-02-2022 23:00,37.68063641,-76.16746191,Cloudy,Muddy,22,Thursday
08-02-2022 00:00,41.24148908,-70.18328312,Snow,Wet,13,Monday
08-02-2022 01:00,39.09411652,-101.5845235,Storm,Icy,13,Sunday
08-02-2022 02:00,40.52047181,-97.56946845,Hail,Snowy,4,Wednesday
08-02-2022 03:00,39.36126529,-83.89645309,Snow,Dry,23,Friday
08-02-2022 04:00,37.9446576,-75.69021098,Hail,Wet,21,Thursday
08-02-2022 05:00,44.48453307,-90.34778329,Hail,Muddy,11,Saturday
08-02-2022 06:00,42.63605794,-100.4237151,Hail,Dry,7,Saturday
08-02-2022 07:00,36.40113176,-99.36890796,Storm,Snowy,11,Tuesday
08-02-2022 08:00,43.68467976,-85.21909268,Hail,Potholes,2,Thursday
08-02-2022 09:00,39.87431198,-119.8390868,Storm,Snowy,5,Tuesday
08-02-2022 10:00,43.94552227,-89.02053313,Hail,Snowy,5,Friday
08-02-2022 11:00,42.99855256,-102.2253495,Cloudy,Snowy,12,Wednesday
08-02-2022 12:00,39.25213504,-80.29013344,Hail,Dry,0,Friday
08-02-2022 13:00,35.22469308,-115.350468,Snow,Snowy,22,Saturday
08-02-2022 14:00,37.68677359,-90.58988665,Fog,Potholes,4,Thursday
08-02-2022 15:00,40.41634215,-95.95135551,Hail,Potholes,3,Wednesday
08-02-2022 16:00,41.3347822,-87.8837237,Storm,Icy,17,Sunday
08-02-2022 17:00,37.57887685,-116.7573203,Clear,Potholes,22,Thursday
08-02-2022 18:00,36.39356074,-91.00081063,Snow,Potholes,20,Wednesday
08-02-2022 19:00,43.34930237,-91.9257706,Storm,Muddy,7,Sunday
08-02-2022 20:00,44.84402181,-91.96699528,Rain,Dry,0,Thursday
08-02-2022 21:00,40.25690182,-89.82561667,Clear,Icy,14,Thursday
08-02-2022 22:00,36.71679286,-86.17660314,Fog,Dry,22,Friday
08-02-2022 23:00,37.72307327,-79.75055002,Cloudy,Construction,18,Thursday
09-02-2022 00:00,35.18390677,-106.508964,Fog,Construction,20,Monday
09-02-2022 01:00,44.14298807,-78.74752949,Cloudy,Dry,20,Tuesday
09-02-2022 02:00,36.17751083,-95.08721589,Storm,Construction,23,Monday
09-02-2022 03:00,40.76516476,-116.147086,Rain,Dry,8,Friday
09-02-2022 04:00,37.74055221,-117.0724535,Storm,Icy,22,Tuesday
09-02-2022 05:00,40.54178003,-103.2880841,Fog,Potholes,9,Tuesday
09-02-2022 06:00,41.51420388,-80.75515114,Storm,Potholes,2,Wednesday
09-02-2022 07:00,43.29741804,-84.61595326,Storm,Construction,7,Saturday
09-02-2022 08:00,37.06421272,-80.56925177,Snow,Muddy,3,Monday
09-02-2022 09:00,35.10995829,-94.13654718,Clear,Icy,3,Tuesday
09-02-2022 10:00,36.3688563,-97.9900501,Cloudy,Construction,22,Saturday
09-02-2022 11:00,44.00018642,-112.6273737,Clear,Icy,19,Saturday
09-02-2022 12:00,43.73890078,-103.5903623,Cloudy,Construction,23,Thursday
09-02-2022 13:00,40.97413102,-98.29903169,Cloudy,Construction,15,Thursday
09-02-2022 14:00,41.0051686,-115.5699785,Storm,Icy,4,Tuesday
09-02-2022 15:00,41.65036675,-108.9694024,Cloudy,Muddy,23,Tuesday
09-02-2022 16:00,36.75371279,-90.0887353,Cloudy,Muddy,16,Saturday
09-02-2022 17:00,44.14411946,-83.21684429,Storm,Snowy,22,Monday
09-02-2022 18:00,39.18770525,-70.08262443,Snow,Muddy,18,Monday
09-02-2022 19:00,38.83138528,-73.34433343,Storm,Icy,5,Friday
09-02-2022 20:00,40.18917705,-87.87174002,Clear,Wet,14,Tuesday
09-02-2022 21:00,35.46965967,-98.93759734,Fog,Snowy,4,Friday
09-02-2022 22:00,36.66283369,-88.19113176,Fog,Snowy,7,Monday
09-02-2022 23:00,42.38033616,-80.7174191,Hail,Potholes,16,Friday
10-02-2022 00:00,35.82798668,-114.0831905,Hail,Wet,3,Monday
10-02-2022 01:00,41.03152109,-99.50475552,Hail,Dry,17,Tuesday
10-02-2022 02:00,37.4534911,-78.00988572,Storm,Dry,22,Tuesday
10-02-2022 03:00,38.89295614,-100.8083524,Cloudy,Icy,22,Sunday
10-02-2022 04:00,37.88693737,-91.40638644,Clear,Muddy,9,Friday
10-02-2022 05:00,38.55672716,-90.61153196,Rain,Snowy,23,Thursday
10-02-2022 06:00,42.19045905,-110.7761873,Clear,Snowy,23,Monday
10-02-2022 07:00,37.97121716,-101.8882279,Cloudy,Potholes,0,Saturday
10-02-2022 08:00,40.6640464,-103.2744356,Fog,Wet,14,Friday
10-02-2022 09:00,39.76050402,-118.6901646,Cloudy,Icy,22,Tuesday
10-02-2022 10:00,41.63671165,-118.7904118,Rain,Wet,23,Monday
10-02-2022 11:00,44.36829739,-78.41514782,Clear,Construction,5,Thursday
10-02-2022 12:00,42.32572097,-106.3464595,Storm,Potholes,13,Sunday
10-02-2022 13:00,37.14940379,-94.09606169,Cloudy,Dry,22,Sunday
10-02-2022 14:00,35.31183135,-105.0637213,Snow,Potholes,3,Tuesday
10-02-2022 15:00,37.62264044,-72.96603774,Snow,Icy,17,Saturday
10-02-2022 16:00,40.95077931,-107.0351621,Clear,Potholes,5,Friday
10-02-2022 17:00,35.51425813,-98.51715936,Cloudy,Construction,23,Saturday
10-02-2022 18:00,39.96366247,-76.36348748,Snow,Dry,4,Saturday
10-02-2022 19:00,40.96842849,-77.90332166,Fog,Wet,21,Tuesday
10-02-2022 20:00,38.34243891,-110.6949291,Clear,Dry,2,Friday
10-02-2022 21:00,42.70912204,-79.86783451,Cloudy,Dry,17,Tuesday
10-02-2022 22:00,36.06598253,-97.09065566,Clear,Muddy,15,Saturday
10-02-2022 23:00,35.75137782,-95.8515564,Fog,Muddy,21,Wednesday
11-02-2022 00:00,42.28188756,-113.3260014,Hail,Dry,10,Thursday
11-02-2022 01:00,39.95491316,-115.9699243,Storm,Potholes,6,Friday
11-02-2022 02:00,41.88402396,-83.60303465,Cloudy,Icy,5,Tuesday
11-02-2022 03:00,39.34827339,-95.17694238,Snow,Wet,1,Wednesday
11-02-2022 04:00,37.46402033,-98.15746487,Storm,Wet,6,Monday
11-02-2022 05:00,43.19102318,-83.52458857,Rain,Construction,2,Tuesday
11-02-2022 06:00,42.99415879,-81.72435505,Snow,Dry,0,Sunday
11-02-2022 07:00,41.94696471,-112.0545916,Clear,Snowy,9,Thursday
11-02-2022 08:00,37.72145137,-89.48874253,Fog,Icy,17,Wednesday
11-02-2022 09:00,40.90230667,-113.2322959,Snow,Potholes,23,Tuesday
11-02-2022 10:00,38.60973897,-82.4312457,Cloudy,Potholes,21,Monday
11-02-2022 11:00,35.91582073,-87.15224219,Clear,Icy,11,Thursday
11-02-2022 12:00,44.17313575,-72.16926895,Snow,Muddy,9,Friday
11-02-2022 13:00,36.36818631,-116.5520992,Fog,Muddy,13,Monday
11-02-2022 14:00,44.50237354,-117.1472639,Cloudy,Icy,2,Saturday
11-02-2022 15:00,39.46005773,-105.8906463,Storm,Icy,11,Thursday
